{
  "comedy": {
    "precision": 0.6538834279385297,
    "recall": 0.63430029546065,
    "f1-score": 0.6439430090667394,
    "support": 7446
  },
  "documentary": {
    "precision": 0.7598765846133209,
    "recall": 0.8650733048259011,
    "f1-score": 0.8090698089626853,
    "support": 13096
  },
  "drama": {
    "precision": 0.7163479152927383,
    "recall": 0.7181898325007346,
    "f1-score": 0.7172676914046737,
    "support": 13612
  },
  "short": {
    "precision": 0.5387293298520452,
    "recall": 0.36612776025236593,
    "f1-score": 0.4359666627538443,
    "support": 5072
  },
  "accuracy": 0.7057818793657268,
  "macro avg": {
    "precision": 0.6672093144241585,
    "recall": 0.645922798259913,
    "f1-score": 0.6515617930469857,
    "support": 39226
  },
  "weighted avg": {
    "precision": 0.6960567669530584,
    "recall": 0.7057818793657268,
    "f1-score": 0.6976252636662975,
    "support": 39226
  }
}